{"cameraMode":{"drawMode":0,"name":"Shaded","section":"Shading Mode"},"sceneLighting":true,"audioPlay":false,"sceneViewState":{"m_AlwaysRefresh":false,"showFog":true,"showSkybox":true,"showFlares":true,"showImageEffects":true,"showParticleSystems":true,"showVisualEffectGraphs":true,"m_FxEnabled":true},"in2DMode":false,"pivot":{"x":933.8756103515625,"y":433.1056823730469,"z":-942.32666015625},"rotation":{"x":-0.04467535763978958,"y":-0.000003630941591836745,"z":0.0000034496297303121539,"w":0.9989997148513794},"size":171.6468505859375,"orthographic":false}