{"cameraMode":{"drawMode":0,"name":"Shaded","section":"Shading Mode"},"sceneLighting":true,"audioPlay":false,"sceneViewState":{"m_AlwaysRefresh":false,"showFog":true,"showSkybox":true,"showFlares":true,"showImageEffects":true,"showParticleSystems":true,"showVisualEffectGraphs":true,"m_FxEnabled":true},"in2DMode":false,"pivot":{"x":934.7561645507813,"y":685.2396850585938,"z":70.39403533935547},"rotation":{"x":-0.031183695420622827,"y":-0.008998929522931576,"z":-0.00027749326545745134,"w":0.9994654655456543},"size":690.810302734375,"orthographic":false}